{"cameraMode":{"drawMode":0,"name":"Shaded","section":"Shading Mode"},"sceneLighting":false,"audioPlay":false,"sceneViewState":{"m_AlwaysRefresh":true,"showFog":true,"showSkybox":false,"showFlares":true,"showImageEffects":false,"showParticleSystems":true,"showVisualEffectGraphs":true,"m_FxEnabled":true},"in2DMode":false,"pivot":{"x":12.790618896484375,"y":-189.06651306152345,"z":1268.0849609375},"rotation":{"x":0.0015639166813343764,"y":-0.9007028341293335,"z":0.003242537146434188,"w":0.43442073464393618},"size":271.7651062011719,"orthographic":false}