{"cameraMode":{"drawMode":0,"name":"Shaded","section":"Shading Mode"},"sceneLighting":true,"audioPlay":false,"sceneViewState":{"m_AlwaysRefresh":true,"showFog":true,"showSkybox":true,"showFlares":true,"showImageEffects":false,"showParticleSystems":true,"showVisualEffectGraphs":true,"m_FxEnabled":true},"in2DMode":false,"pivot":{"x":18.981143951416017,"y":1.6413600444793702,"z":1.478633165359497},"rotation":{"x":0.3351941406726837,"y":-0.16029788553714753,"z":0.05798719450831413,"w":0.9266019463539124},"size":4.102007865905762,"orthographic":false}