{"cameraMode":{"drawMode":0,"name":"Shaded","section":"Shading Mode"},"sceneLighting":true,"audioPlay":false,"sceneViewState":{"m_AlwaysRefresh":true,"showFog":true,"showSkybox":true,"showFlares":true,"showImageEffects":false,"showParticleSystems":true,"showVisualEffectGraphs":true,"m_FxEnabled":true},"in2DMode":false,"pivot":{"x":10.447410583496094,"y":3.1527981758117677,"z":-4.5106096267700199},"rotation":{"x":0.09843283146619797,"y":-0.3489318788051605,"z":0.03688199818134308,"w":0.9312388896942139},"size":12.06943130493164,"orthographic":false}