{"cameraMode":{"drawMode":0,"name":"Shaded","section":"Shading Mode"},"sceneLighting":true,"audioPlay":false,"sceneViewState":{"m_AlwaysRefresh":true,"showFog":true,"showSkybox":true,"showFlares":true,"showImageEffects":false,"showParticleSystems":true,"showVisualEffectGraphs":true,"m_FxEnabled":true},"in2DMode":false,"pivot":{"x":724.247314453125,"y":612.6644897460938,"z":175.0423583984375},"rotation":{"x":0.0003814060182776302,"y":0.9932985305786133,"z":-0.11555059254169464,"w":0.0032789118122309448},"size":449.64306640625,"orthographic":false}