{"cameraMode":{"drawMode":0,"name":"Shaded","section":"Shading Mode"},"sceneLighting":true,"audioPlay":false,"sceneViewState":{"m_AlwaysRefresh":true,"showFog":true,"showSkybox":true,"showFlares":true,"showImageEffects":false,"showParticleSystems":true,"showVisualEffectGraphs":true,"m_FxEnabled":true},"in2DMode":false,"pivot":{"x":1.4850492477416993,"y":1.880000114440918,"z":1.1872494220733643},"rotation":{"x":-0.048818740993738177,"y":0.8899048566818237,"z":-0.09811483323574066,"w":-0.4427872598171234},"size":30.831436157226564,"orthographic":false}