{"cameraMode":{"drawMode":0,"name":"Shaded","section":"Shading Mode"},"sceneLighting":true,"audioPlay":false,"sceneViewState":{"m_AlwaysRefresh":true,"showFog":true,"showSkybox":true,"showFlares":true,"showImageEffects":false,"showParticleSystems":true,"showVisualEffectGraphs":true,"m_FxEnabled":true},"in2DMode":false,"pivot":{"x":6.9395880699157719,"y":0.7225196361541748,"z":28.137664794921876},"rotation":{"x":0.014073464088141919,"y":0.5878446698188782,"z":-0.010227709077298642,"w":0.8087896704673767},"size":8.933022499084473,"orthographic":false}