{"cameraMode":{"drawMode":0,"name":"Shaded","section":"Shading Mode"},"sceneLighting":true,"audioPlay":false,"sceneViewState":{"m_AlwaysRefresh":true,"showFog":true,"showSkybox":true,"showFlares":true,"showImageEffects":false,"showParticleSystems":true,"showVisualEffectGraphs":true,"m_FxEnabled":true},"in2DMode":false,"pivot":{"x":12.771456718444825,"y":-1.3639466762542725,"z":3.451855182647705},"rotation":{"x":0.17308452725410462,"y":0.46830475330352785,"z":-0.09410528093576431,"w":0.8613259792327881},"size":12.345641136169434,"orthographic":false}