{"cameraMode":{"drawMode":0,"name":"Shaded","section":"Shading Mode"},"sceneLighting":true,"audioPlay":false,"sceneViewState":{"m_AlwaysRefresh":true,"showFog":true,"showSkybox":true,"showFlares":true,"showImageEffects":false,"showParticleSystems":true,"showVisualEffectGraphs":true,"m_FxEnabled":true},"in2DMode":false,"pivot":{"x":1518.2843017578125,"y":469.31158447265627,"z":87.9527587890625},"rotation":{"x":-0.011406194418668747,"y":0.023693449795246125,"z":-0.0002703358477447182,"w":-0.9996544122695923},"size":695.0242309570313,"orthographic":false}