{"cameraMode":{"drawMode":0,"name":"Shaded","section":"Shading Mode"},"sceneLighting":true,"audioPlay":false,"sceneViewState":{"m_AlwaysRefresh":true,"showFog":true,"showSkybox":true,"showFlares":true,"showImageEffects":false,"showParticleSystems":true,"showVisualEffectGraphs":true,"m_FxEnabled":true},"in2DMode":false,"pivot":{"x":20.74799919128418,"y":4.0092973709106449,"z":-1.224073886871338},"rotation":{"x":0.0016673882491886616,"y":0.6073986291885376,"z":0.0012794231297448278,"w":-0.794403076171875},"size":1.0847430229187012,"orthographic":false}