{"cameraMode":{"drawMode":0,"name":"Shaded","section":"Shading Mode"},"sceneLighting":false,"audioPlay":false,"sceneViewState":{"m_AlwaysRefresh":true,"showFog":true,"showSkybox":false,"showFlares":true,"showImageEffects":false,"showParticleSystems":true,"showVisualEffectGraphs":true,"m_FxEnabled":true},"in2DMode":false,"pivot":{"x":-1.4346160888671876,"y":-113.54552459716797,"z":985.7935180664063},"rotation":{"x":-0.10152050852775574,"y":0.01043727621436119,"z":-0.001071843784302473,"w":-0.994791567325592},"size":361.56439208984377,"orthographic":false}